datetime,id,tweet
2020-10-18 13:04:42,1317813858954735617,"Ayam sayur juga rupanya, kena penyakit post power syndrome juga lae itu bah..."
2020-10-18 13:04:23,1317813777862029312,"RT @afrina_amira: Hi Guys , minta tolong u all semua untuk tolong adik kawan saya . Ain Natasya , 14 tahun , menghidap penyakit Scoliosis (â€¦"
2020-10-18 13:04:17,1317813752503226372,"RT @cewehijrah: 3. PENYAKIT
Misalnya ada penyakit2 pribadi, maka jangan di umbar2 juga. Kecuali sakit umum seperti pilek, batuk, demam kaloâ€¦"
2020-10-18 13:04:10,1317813726335037441,Contohnya menghina dik willy yg megang rokoknya ky org terkena penyakit mental https://t.co/LoiOGe4ADV
2020-10-18 13:04:00,1317813682764615682,"Buah mengkudu dapat digunakan untuk mengatasi penyakit hipertensi, demam influenza, batuk, dan sakit perut. #penampilanmu"
2020-10-18 13:03:57,1317813670819155969,"RT @husninidhom: Ya Allah..
Perbaikilah keadaan kami, Mudahkanlah urusan kami, Sembuhkanlah penyakit kami, Lunaskanlah hutang-hutang kami,â€¦"
2020-10-18 13:03:44,1317813615332794368,"@lolakookie17 @BTS_twt BismillahğŸ¤²
Wish me luckâœ¨ğŸ’œ
Semoga bisa rezeki aminnğŸ¤—
Makasih bun udah ngadain GAğŸ˜
Semoga mamaâ€¦ https://t.co/x4MRUguUv0"
2020-10-18 13:03:39,1317813594436767745,@Erzavindaf Iya. Selingkuh itu penyakit
2020-10-18 13:03:38,1317813590938693634,"RT @afrina_amira: Hi Guys , minta tolong u all semua untuk tolong adik kawan saya . Ain Natasya , 14 tahun , menghidap penyakit Scoliosis (â€¦"
2020-10-18 13:03:30,1317813555278737409,@nuruulm Ayo kita sembuhkan penyakit over thinking ini teh :â€â€â€
2020-10-18 13:03:09,1317813471027712001,"Hadeuh...
Moto sepet, mesem susah, nggon curhat ra onok, kurang turu pisan. Penyakit susulan greges, mumet, loro unâ€¦ https://t.co/cfjZKtGwJT"
2020-10-18 13:03:08,1317813462987255808,"@hoomaninthemoon @vleugelsxx Aku ikut baca. Maap yaa:((
Btw, biasanya kalo diguna-guna gitu mau berobat ke medis beâ€¦ https://t.co/fxH0GeGbxR"
2020-10-18 13:02:59,1317813426563903496,@dikkarafiansyah @dindamira lu divonis penyakit gj ya dik
2020-10-18 13:02:56,1317813412592668672,"RT @afrina_amira: Hi Guys , minta tolong u all semua untuk tolong adik kawan saya . Ain Natasya , 14 tahun , menghidap penyakit Scoliosis (â€¦"
2020-10-18 13:02:51,1317813393894502400,"Yaelah yul, hobi kok cari penyakit :("
2020-10-18 13:02:48,1317813380049031168,"@lolakookie17 @BTS_twt Ya allah sembuhkan mamanya bunda lola, angkat segala penyakit yg ada di tubuhnya. Beri ia umâ€¦ https://t.co/MdABj2ZMpl"
2020-10-18 13:02:29,1317813302437687296,betul bgt sii ini. semogaa aja mamakku cpt di angkat penyakitnya 7 tahun itu cukup waktu lama mamak tertiksa sama pâ€¦ https://t.co/vHlZbH8iMh
2020-10-18 13:02:22,1317813273551462401,"@501Awani Nyawa lagi penting, covid19 ni penyakit berjangkit melibatkan semua..buat masa ni muhasabah diri kita semâ€¦ https://t.co/yLRT2jUtvz"
2020-10-18 13:02:10,1317813220246052870,Doakan ayah Tak ada penyakit yg serius ğŸ¤²ğŸ»
2020-10-18 13:01:46,1317813122623631360,"RT @afrina_amira: Hi Guys , minta tolong u all semua untuk tolong adik kawan saya . Ain Natasya , 14 tahun , menghidap penyakit Scoliosis (â€¦"
2020-10-18 13:01:40,1317813097306804224,"RT @afrina_amira: Hi Guys , minta tolong u all semua untuk tolong adik kawan saya . Ain Natasya , 14 tahun , menghidap penyakit Scoliosis (â€¦"
2020-10-18 13:01:21,1317813015572480000,@qegabutan titan penyakit ngga sih
2020-10-18 13:01:19,1317813008526045184,@KanColi Bawa bawa penyakit jiwa untuk alasan maksiat
2020-10-18 13:01:15,1317812992013070338,@dyah_Nezza Filek itu penyakit yg harus di trima dngan hati yg lapangğŸ˜lagian kan ada kopi â˜•ğŸ˜‚
2020-10-18 13:01:09,1317812964544585729,"RT @afrina_amira: Hi Guys , minta tolong u all semua untuk tolong adik kawan saya . Ain Natasya , 14 tahun , menghidap penyakit Scoliosis (â€¦"
2020-10-18 13:01:00,1317812929283059712,"RT @afrina_amira: Hi Guys , minta tolong u all semua untuk tolong adik kawan saya . Ain Natasya , 14 tahun , menghidap penyakit Scoliosis (â€¦"
2020-10-18 13:00:58,1317812920386924545,"@Erzavindaf Gimana ya, selingkuh itu penyakit. Tapi bukankah penyakit akan sembuh bila ketemu obat yang pas? 

Dahlah gtawğŸ˜­"
2020-10-18 13:00:53,1317812900652707841,"@belum_dilantik Iyaa, duh penyakit hati paling bahaya ini"
2020-10-18 13:00:45,1317812863159861248,"RT @faadelrey: Ingat ye miro, ko tu akan berkahwin, akan ada zuriat, semoga kau DIJAUHKAN LA DENGAN JODOH YANG ADA PENYAKIT KELAMIN ATAU ANâ€¦"
2020-10-18 13:00:42,1317812852493746178,"@lolakookie17 @BTS_twt Cepet sembuh buat mamanya ka lola, diangkat penyakit nya 
Sehat seperti sediakala, Gbu ka"
2020-10-18 13:00:36,1317812825885011968,"RT @afrina_amira: Hi Guys , minta tolong u all semua untuk tolong adik kawan saya . Ain Natasya , 14 tahun , menghidap penyakit Scoliosis (â€¦"
2020-10-18 13:00:30,1317812802036224000,"RT @HausofHilton: Penyakit smallpox merupakan sejenis penyakit berjangkit bawaan virus yang cukup berbahaya .

Ia juga merupakan bukti kejaâ€¦"
2020-10-18 13:00:21,1317812762580373504,"RT @Lyinn_: Seringkali kita menangis saat meminta agar Allah mengangkat penyakit kita, namun pernahkah kita menangis ketika meminta Allah mâ€¦"
2020-10-18 13:00:01,1317812680011382786,"Seperti yang kita tahu bahwa penyakit obesitas, diabetes dan hipertensi dapat meningkatkan risiko penyakit jantung.â€¦ https://t.co/aU51ppjZxm"
2020-10-18 12:59:54,1317812651263578115,"RT @afrina_amira: Hi Guys , minta tolong u all semua untuk tolong adik kawan saya . Ain Natasya , 14 tahun , menghidap penyakit Scoliosis (â€¦"
2020-10-18 12:59:49,1317812629721608192,Penyakit https://t.co/7ixQTs4JQr
2020-10-18 12:59:46,1317812617356849152,"RT @afrina_amira: Hi Guys , minta tolong u all semua untuk tolong adik kawan saya . Ain Natasya , 14 tahun , menghidap penyakit Scoliosis (â€¦"
2020-10-18 12:59:40,1317812591444467712,"RT @faadelrey: Ingat ye miro, ko tu akan berkahwin, akan ada zuriat, semoga kau DIJAUHKAN LA DENGAN JODOH YANG ADA PENYAKIT KELAMIN ATAU ANâ€¦"
2020-10-18 12:59:39,1317812588244185090,"RT @afrina_amira: Hi Guys , minta tolong u all semua untuk tolong adik kawan saya . Ain Natasya , 14 tahun , menghidap penyakit Scoliosis (â€¦"
2020-10-18 12:59:34,1317812568736419842,"Please diriku jangan nyari penyakit ya, aku mohon tolongğŸ™"
2020-10-18 12:59:34,1317812566345707522,"RT @HausofHilton: Penyakit smallpox merupakan sejenis penyakit berjangkit bawaan virus yang cukup berbahaya .

Ia juga merupakan bukti kejaâ€¦"
2020-10-18 12:59:33,1317812565196435456,RT @SANDAKANtwt: Hampir setiap hari ada kematian dari Sandakan dan Sabah am nya. Semoga team Abam Botak dilindungi dari bahaya penyakit danâ€¦
2020-10-18 12:59:23,1317812520459980801,RT @haziqaiman_: Ada cara sebenarnya untuk stopkan penyakit kucing macam ni. Jangan dibiarkan jika nampak https://t.co/wpcPrmSnZw
2020-10-18 12:59:21,1317812511551352832,"RT @HausofHilton: Penyakit smallpox merupakan sejenis penyakit berjangkit bawaan virus yang cukup berbahaya .

Ia juga merupakan bukti kejaâ€¦"
2020-10-18 12:59:06,1317812449966395392,"Ini denial yang tolol banget sih, brengsek mah brengsek aja jangan bawa-bawa penyakit jiwa lah.

Jelas-jelas orangnâ€¦ https://t.co/vhNHhiR6GS"
2020-10-18 12:59:01,1317812428168589312,"RT @HausofHilton: Penyakit smallpox merupakan sejenis penyakit berjangkit bawaan virus yang cukup berbahaya .

Ia juga merupakan bukti kejaâ€¦"
2020-10-18 12:58:54,1317812398485426176,Suka cari penyakit
2020-10-18 12:58:33,1317812311671730176,"RT @afrina_amira: Hi Guys , minta tolong u all semua untuk tolong adik kawan saya . Ain Natasya , 14 tahun , menghidap penyakit Scoliosis (â€¦"
2020-10-18 12:58:29,1317812293128744960,"RT @afrina_amira: Hi Guys , minta tolong u all semua untuk tolong adik kawan saya . Ain Natasya , 14 tahun , menghidap penyakit Scoliosis (â€¦"
2020-10-18 12:58:16,1317812240418889728,"Pemerkosaan sesama jenis antar anggota TNI emang salah. Pelecehan seksual macam apapun juga salah.

Tapi anda jadiâ€¦ https://t.co/K4c9TWehfa"
2020-10-18 12:58:16,1317812240267894784,"RT @ssseruni: Sahabat aku positif corona. Plis siapapun yang positif, atau gejala-gejala segera diobati. Segera lakukan tindakan. Ga usah mâ€¦"
2020-10-18 12:57:48,1317812123175591937,"RT @afrina_amira: Hi Guys , minta tolong u all semua untuk tolong adik kawan saya . Ain Natasya , 14 tahun , menghidap penyakit Scoliosis (â€¦"
2020-10-18 12:57:42,1317812097468657665,"RT @gstayupp: @muliadilim Ngadepin pasien penyakit kronis ini emang tricky :')
Penyakit mereka seumur hidup. Obat dan diet mereka pun seumuâ€¦"
2020-10-18 12:57:36,1317812071468208128,"RT @cewehijrah: 3. PENYAKIT
Misalnya ada penyakit2 pribadi, maka jangan di umbar2 juga. Kecuali sakit umum seperti pilek, batuk, demam kaloâ€¦"
2020-10-18 12:57:32,1317812057765367809,"@Alia07254248 ğŸ¤£ğŸ¤£ğŸ¤£ğŸ¤£ Itu namanya penyakit lelaki... 
 Tetapi Tidak semua juga lelaki seperti itu ğŸ˜Š"
2020-10-18 12:57:32,1317812057681453056,Esok daku masih perlu masuk ke pejabat. BDR hanya diberikan buat yang punyai keperluan. Moga Allah lindungi kita seâ€¦ https://t.co/qCob1tbo8U
2020-10-18 12:57:31,1317812053218787330,"RT @ketawaindulu: manusia ga pernah ngerasa puas. itu dikarenakan lu kurang bersyukur. dikasih yg cantik nyari yg lebih cantik lagi, selamaâ€¦"
2020-10-18 12:57:17,1317811992997122050,RT @SANDAKANtwt: Hampir setiap hari ada kematian dari Sandakan dan Sabah am nya. Semoga team Abam Botak dilindungi dari bahaya penyakit danâ€¦
2020-10-18 12:56:56,1317811904769789957,"RT @afrina_amira: Hi Guys , minta tolong u all semua untuk tolong adik kawan saya . Ain Natasya , 14 tahun , menghidap penyakit Scoliosis (â€¦"
2020-10-18 12:56:46,1317811864223453184,Dikata LGBT penyakit. Berak lah. Omongan nya kek paling tau. Di internet bahasan ginian udah dari jaman batu. Dah lewat. tokai. Tolol
2020-10-18 12:56:41,1317811843478425600,"RT @p2ptmkemenkesRI: Bagaimana cara mencegah Penyakit Tidak Menular (PTM)?
.
#CERDIK #CegahPTM #DukungGERMAS https://t.co/CdVSniz8Mu"
2020-10-18 12:56:35,1317811816290873344,bruv ternyata gue sakit-sakitan karena banyak pikiran HAHA never know banyak pikiran would lead to so many penyakit lol
2020-10-18 12:56:03,1317811683801194501,RT @sherlydeftia: Ini penting bgt. Kebanyakan org dgn penyakit kronis spt darah tinggi dan sakit gula kurang memperhatikan pola makan + tidâ€¦
2020-10-18 12:55:47,1317811613554995202,"RT @afrina_amira: Hi Guys , minta tolong u all semua untuk tolong adik kawan saya . Ain Natasya , 14 tahun , menghidap penyakit Scoliosis (â€¦"
2020-10-18 12:55:37,1317811573486809088,"RT @afrina_amira: Hi Guys , minta tolong u all semua untuk tolong adik kawan saya . Ain Natasya , 14 tahun , menghidap penyakit Scoliosis (â€¦"
2020-10-18 12:55:15,1317811479693807617,"Ingat ye miro, ko tu akan berkahwin, akan ada zuriat, semoga kau DIJAUHKAN LA DENGAN JODOH YANG ADA PENYAKIT KELAMIâ€¦ https://t.co/FvvHqHQNvK"
2020-10-18 12:55:07,1317811446072291328,gimana bisa sumber penyakit nyembuhin orang yg sakit
2020-10-18 12:55:06,1317811445300666368,"RT @afrina_amira: Hi Guys , minta tolong u all semua untuk tolong adik kawan saya . Ain Natasya , 14 tahun , menghidap penyakit Scoliosis (â€¦"
2020-10-18 12:55:06,1317811443270447105,"RT @p2ptmkemenkesRI: Bagaimana cara mencegah Penyakit Tidak Menular (PTM)?
.
#CERDIK #CegahPTM #DukungGERMAS https://t.co/CdVSniz8Mu"
2020-10-18 12:55:06,1317811441504669696,"RT @afrina_amira: Hi Guys , minta tolong u all semua untuk tolong adik kawan saya . Ain Natasya , 14 tahun , menghidap penyakit Scoliosis (â€¦"
2020-10-18 12:54:58,1317811410294829057,RT @PmtgPauhP044: Raikan bulan kesedaran kanser payudara dengan menjalankan pemeriksaan secara berkala kerana rawatan awal akan memungkinkaâ€¦
2020-10-18 12:54:14,1317811226324336640,"RT @afrina_amira: Hi Guys , minta tolong u all semua untuk tolong adik kawan saya . Ain Natasya , 14 tahun , menghidap penyakit Scoliosis (â€¦"
2020-10-18 12:53:59,1317811164068290561,RT @SANDAKANtwt: Hampir setiap hari ada kematian dari Sandakan dan Sabah am nya. Semoga team Abam Botak dilindungi dari bahaya penyakit danâ€¦
2020-10-18 12:53:48,1317811117926723585,RT @ivegotyu: @txtdarionlshop Teman teman aku boleh minta waktu dan bantuan nya ke saudara aku ini? dia terkena penyakit leukimia dan dimasâ€¦
2020-10-18 12:53:29,1317811038218199040,@kompulsifs penyakit otak
2020-10-18 12:53:01,1317810920593051648,"RT @nakhoda_ragam19: @501Awani Pastikan yg terlibat hanya org Sarawak ye....

Pemimpin2 dr Sabah dan Semenanjung jgn gatal2 nk terlibat....â€¦"
2020-10-18 12:53:01,1317810919364120579,RT @haziqaiman_: Ada cara sebenarnya untuk stopkan penyakit kucing macam ni. Jangan dibiarkan jika nampak https://t.co/wpcPrmSnZw
2020-10-18 12:52:40,1317810832856600576,"RT @Lael_Ophthal: Kalau ada orang promosikan ubat titis mata atau ubat makan yang boleh sembuhkan 3 penyakit ni:

- rabun
- katarak
- glaukâ€¦"
2020-10-18 12:52:32,1317810798417170432,@widyawantio @bayuxhitam roker biasane penyakit e jantung
2020-10-18 12:52:26,1317810773482037248,Kenapa ya org lain klo suka ngutang suka lupa ğŸ™„ penyakit apakah ini?
2020-10-18 12:51:55,1317810640975659009,"RT @afrina_amira: Hi Guys , minta tolong u all semua untuk tolong adik kawan saya . Ain Natasya , 14 tahun , menghidap penyakit Scoliosis (â€¦"
2020-10-18 12:51:41,1317810584432173056,"RT @afrina_amira: Hi Guys , minta tolong u all semua untuk tolong adik kawan saya . Ain Natasya , 14 tahun , menghidap penyakit Scoliosis (â€¦"
2020-10-18 12:51:38,1317810572998537216,"RT @aliffshanusi: ğ—¦ğ—²ğ—»ğ—®ğ—¿ğ—®ğ—¶ ğŸ±ğŸ± ğ—£ğ—²ğ—»ğ˜†ğ—®ğ—¸ğ—¶ğ˜ ğ—ğ—¿ğ—¶ğ˜ğ—¶ğ—¸ğ—®ğ—¹ ğ—¬ğ—®ğ—»ğ—´ ğ——ğ—¶ğ—¯ğ—²ğ—»ğ—®ğ—¿ğ—¸ğ—®ğ—» ğ—£ğ—²ğ—»ğ—´ğ—²ğ—¹ğ˜‚ğ—®ğ—¿ğ—®ğ—» #ğ—ğ—ªğ—¦ğ—£.

BERIKUT ialah senarai 55 jenis penyakit kritikal yang diâ€¦"
2020-10-18 12:51:09,1317810447991492609,RT @ivegotyu: @tubirfess Teman teman aku boleh minta waktu dan bantuan nya ke saudara aku ini? dia terkena penyakit leukimia dan dimasa panâ€¦
2020-10-18 12:51:08,1317810445172961282,"RT @nakhoda_ragam19: @501Awani Pastikan yg terlibat hanya org Sarawak ye....

Pemimpin2 dr Sabah dan Semenanjung jgn gatal2 nk terlibat....â€¦"
2020-10-18 12:50:53,1317810382216441856,"Habis makan ngantuk
Diem ngantuk
Nonton tv ngantuk
Main hp ngantuk
Dikit-dikit ngantuk, dasar penyakit"
2020-10-18 12:50:53,1317810380379475969,@kentanglutcu cari penyakit namanya
2020-10-18 12:50:38,1317810317947174912,Apakah kamu ada penyakit? â€” Ada nih penyakit kantongğŸ˜‚ https://t.co/hJ0hzX1upB
2020-10-18 12:50:35,1317810304890277888,"RT @ms_morninggstar: @yangkusamyang @3amhappygurl Wkkw mo jawap serius.. ini mud bath bagus bgt buat penyakit kulit, ky eczema, trs ngilangâ€¦"
2020-10-18 12:50:32,1317810294165393412,RT @ivegotyu: @txtdarionlshop Teman teman aku boleh minta waktu dan bantuan nya ke saudara aku ini? dia terkena penyakit leukimia dan dimasâ€¦
2020-10-18 12:50:26,1317810268571750401,@febrizarindu_ @penawarmood Yah penyakit apaan we
2020-10-18 12:49:58,1317810151030624256,"RT @HausofHilton: Sejak vaksin dijumpai pada tahun 1796, ia telah dipraktikkan di seluruh dunia sehinggalah pada tahun 1979, Pertubuhan Kesâ€¦"
2020-10-18 12:49:51,1317810121573986306,@jizhans Opini ya? Orang yg punya penyakit gila ğŸ˜Œ
2020-10-18 12:49:41,1317810079333167105,RT @ivegotyu: @tubirfess Teman teman aku boleh minta waktu dan bantuan nya ke saudara aku ini? dia terkena penyakit leukimia dan dimasa panâ€¦
2020-10-18 12:49:38,1317810069245886466,"RT @HausofHilton: Penyakit smallpox merupakan sejenis penyakit berjangkit bawaan virus yang cukup berbahaya .

Ia juga merupakan bukti kejaâ€¦"
2020-10-18 12:49:23,1317810006410944512,"PENYEBARAN VIRUS AKAN TERJADI SAAT INI | Alur Cerita The Scientist 2020.

Salah satu seseorang yang ingin menyelamaâ€¦ https://t.co/AU1q7HNaVk"
2020-10-18 12:49:13,1317809963004162048,"@lolakookie17 @BTS_twt Semoga mamah nya bunda cepat sembuh ya. Semoga cepat diangkat semua penyakit nya, biar bisaâ€¦ https://t.co/PkMvPX2MjF"
2020-10-18 12:49:12,1317809959258578950,"@lolakookie17 @BTS_twt Bismillah lahaulawalaquwata ğŸ˜ŠğŸ’œ
Ya Allah berikan mama bunda Lola kesehatan selalu dan cepat aâ€¦ https://t.co/RB5LWscG74"
2020-10-18 12:49:11,1317809955815108608,"@mantmeisje NgakakğŸ˜‚ terus ditanyain sama P'Shone ""kamu kena penyakit kuning???"""
2020-10-18 12:48:46,1317809850164908035,"Gubernur NTB, Bantu Sapri Pengidap Penyakit Komplikasi
https://t.co/o8LVAiHCxN https://t.co/hvGuhz0HYK"
2020-10-18 12:48:44,1317809841386131456,@Erzavindaf Jadi penyakit
2020-10-18 12:48:39,1317809820636901376,"RT @afrina_amira: Hi Guys , minta tolong u all semua untuk tolong adik kawan saya . Ain Natasya , 14 tahun , menghidap penyakit Scoliosis (â€¦"
2020-10-18 12:48:36,1317809806787244032,@Erzavindaf Penyakit
2020-10-18 12:48:21,1317809743721758721,@Wibowo6881 @penawarmood Dihirup penyakit bgo
2020-10-18 12:48:18,1317809732946554882,"@choirmahila Lekas pulih, semoga bukan penyakit lama yang kambuh lagi ya. Dan semoga ikhlas biar jadi penambah pahala ğŸ™‚ğŸ™"
2020-10-18 12:47:56,1317809639027662848,"RT @kevinl_tan: ğŸ”Š Herpes Genital(Herpes Simplex)

Penyakit menular seksual pada pria dan wanita yg menyebabkan luka melepuh diarea kelaminâ€¦"
2020-10-18 12:47:46,1317809598577823744,"RT @Athnara: Bismillah...
TWITTER PLEASE DO YOUR MAGIC

Aku mau open donasi untuk kucing jantanku yang berumur 11 bulan, Olap.
Dia terkenaâ€¦"
2020-10-18 12:47:29,1317809526075109376,@shvnfry @alinithia dulu mah gangerti. kirain penyakit kayak kanker juga. kan trend banget dulu kalau sinetron adaâ€¦ https://t.co/w7WVii7Ovk
2020-10-18 12:47:21,1317809491266600961,"@IchwanEwon @Dennysiregar7 kadrun itu masalah gangguan jiwa &amp; otak, bukan model fashion bro ...

lu gak terpapar penyakit kadrun kan ?"
2020-10-18 12:47:20,1317809490742235143,@carol_anie20 Hadehh..penyakit org kaya ğŸ¤¦
2020-10-18 12:47:13,1317809458282590208,"RT @adelladellaide: Penyakit langganan: muka udah mulusan dikit langsung kecentilan pengen cobain skincare baru, padahal sebelumnya udah koâ€¦"
2020-10-18 12:47:10,1317809447004033024,"RT @effx8: Kalau top tak suka pakai kondom, kita boleh settle. Boleh guna warming lube dan kondom yang nipis. Tapi aku mati kutu bila bottoâ€¦"
2020-10-18 12:47:06,1317809432127066113,RT @SANDAKANtwt: Hampir setiap hari ada kematian dari Sandakan dan Sabah am nya. Semoga team Abam Botak dilindungi dari bahaya penyakit danâ€¦
2020-10-18 12:47:06,1317809429350281218,@daffarizaldza Itu Penyakit paru2
2020-10-18 12:46:39,1317809316347326466,"Kalau top tak suka pakai kondom, kita boleh settle. Boleh guna warming lube dan kondom yang nipis. Tapi aku mati kuâ€¦ https://t.co/KXVSeQlsMS"
2020-10-18 12:46:00,1317809151737618433,"RT @HausofHilton: Penyakit smallpox merupakan sejenis penyakit berjangkit bawaan virus yang cukup berbahaya .

Ia juga merupakan bukti kejaâ€¦"
2020-10-18 12:45:31,1317809030761336832,RT @haziqaiman_: Ada cara sebenarnya untuk stopkan penyakit kucing macam ni. Jangan dibiarkan jika nampak https://t.co/wpcPrmSnZw
2020-10-18 12:45:18,1317808976428298241,"Salah satu penyakit yang timbul akibat kekurangan air adalah ?

Aku pas SD : Cegukan"
2020-10-18 12:45:08,1317808933503963139,"Serotonin: teman setia agar mood tidak naik turun, bebas depresi dan sembuh dari berbagai penyakit
https://t.co/erwL1U2fNV"
2020-10-18 12:45:04,1317808919557808130,"RT @Athnara: Bismillah...
TWITTER PLEASE DO YOUR MAGIC

Aku mau open donasi untuk kucing jantanku yang berumur 11 bulan, Olap.
Dia terkenaâ€¦"
2020-10-18 12:44:59,1317808895545372672,"RT @kompascom: ""Saya orang yang mengira Covid tidak ada... Sampai saya sakit,"" kata influencer fitness ini seraya mengingatkan Covid-19 bukâ€¦"
2020-10-18 12:44:56,1317808885223231488,RT @SANDAKANtwt: Hampir setiap hari ada kematian dari Sandakan dan Sabah am nya. Semoga team Abam Botak dilindungi dari bahaya penyakit danâ€¦
2020-10-18 12:44:54,1317808875152666624,"Itu yang suka stalking mantannya pacar siapa aja pakai akun palsu, penyakit kok dicari sih....panas sendiri kan jadinya wkwk"
2020-10-18 12:44:49,1317808853556162566,"RT @kevinl_tan: ğŸ”Š Herpes Genital(Herpes Simplex)

Penyakit menular seksual pada pria dan wanita yg menyebabkan luka melepuh diarea kelaminâ€¦"
2020-10-18 12:44:45,1317808836661538816,"@tOkyutie tapi kan asli kata bengek tuh buat org yg ngalamin penyakit sesek napas. nah maksut gue, gue sesek napasâ€¦ https://t.co/1l9XPKX7ah"
2020-10-18 12:44:41,1317808819943059456,@sugarrrushh_ Kamu nyari penyakit aja
2020-10-18 12:44:35,1317808796765278209,"RT @afrina_amira: Hi Guys , minta tolong u all semua untuk tolong adik kawan saya . Ain Natasya , 14 tahun , menghidap penyakit Scoliosis (â€¦"
2020-10-18 12:44:28,1317808766461440002,"RT @HausofHilton: Penyakit smallpox merupakan sejenis penyakit berjangkit bawaan virus yang cukup berbahaya .

Ia juga merupakan bukti kejaâ€¦"
2020-10-18 12:44:23,1317808747511574535,RT @SANDAKANtwt: Hampir setiap hari ada kematian dari Sandakan dan Sabah am nya. Semoga team Abam Botak dilindungi dari bahaya penyakit danâ€¦
2020-10-18 12:44:04,1317808664971935749,@mowheetow Penyakit jla
2020-10-18 12:43:47,1317808596206284800,"Saya tau seperti apa ganasnya penyakit kanker, tau seperti apa menderitanya, tau semahal apa biaya pengobatannya, dâ€¦ https://t.co/PtOk2dkKyl"
2020-10-18 12:43:42,1317808573108244482,"RT @husninidhom: Ya Allah..
Perbaikilah keadaan kami, Mudahkanlah urusan kami, Sembuhkanlah penyakit kami, Lunaskanlah hutang-hutang kami,â€¦"
2020-10-18 12:43:30,1317808522646544386,@Inijualanku1 Betul selingkuh tu kayak penyakit bisa kambuh kapan aja
2020-10-18 12:42:59,1317808394099519489,"@Bungsu_mamah04 @bank_Ipuuul Tapi dia bangga dgn yg spt itu kok....

Kita lihat aja, bentar lagi pasti para psikoloâ€¦ https://t.co/HKdIINvJ0I"
2020-10-18 12:42:56,1317808380774281216,@Micaayu_ penyakit yg susah ilang
2020-10-18 12:42:41,1317808320472707073,"RT @aliffshanusi: ğ—¦ğ—²ğ—»ğ—®ğ—¿ğ—®ğ—¶ ğŸ±ğŸ± ğ—£ğ—²ğ—»ğ˜†ğ—®ğ—¸ğ—¶ğ˜ ğ—ğ—¿ğ—¶ğ˜ğ—¶ğ—¸ğ—®ğ—¹ ğ—¬ğ—®ğ—»ğ—´ ğ——ğ—¶ğ—¯ğ—²ğ—»ğ—®ğ—¿ğ—¸ğ—®ğ—» ğ—£ğ—²ğ—»ğ—´ğ—²ğ—¹ğ˜‚ğ—®ğ—¿ğ—®ğ—» #ğ—ğ—ªğ—¦ğ—£.

BERIKUT ialah senarai 55 jenis penyakit kritikal yang diâ€¦"
2020-10-18 12:42:31,1317808278714249216,"RT @afrina_amira: Hi Guys , minta tolong u all semua untuk tolong adik kawan saya . Ain Natasya , 14 tahun , menghidap penyakit Scoliosis (â€¦"
2020-10-18 12:42:28,1317808261995720704,"RT @afrina_amira: Hi Guys , minta tolong u all semua untuk tolong adik kawan saya . Ain Natasya , 14 tahun , menghidap penyakit Scoliosis (â€¦"
2020-10-18 12:42:10,1317808186905165824,"RT @littleukiyo: s   p   a   c   e   b   a   r
Â© taekook au

penyakit dyslexia tidak menghalangi jeongguk mengagumi karya tulis taehyung, kâ€¦"
2020-10-18 12:42:08,1317808181775458304,"RT @afrina_amira: Hi Guys , minta tolong u all semua untuk tolong adik kawan saya . Ain Natasya , 14 tahun , menghidap penyakit Scoliosis (â€¦"
2020-10-18 12:42:03,1317808161131098114,Bikin penyakit doang sumpah
2020-10-18 12:42:00,1317808147831009285,"tmn2 tau ngga,petani itu gimana ?dia menanam dgn memilih benih yang paling bagus, ia rawat, sirami, dikasih pupuk,â€¦ https://t.co/TPCB7v2dzt"
2020-10-18 12:41:53,1317808115153170432,RT @ivegotyu: @txtdarionlshop Teman teman aku boleh minta waktu dan bantuan nya ke saudara aku ini? dia terkena penyakit leukimia dan dimasâ€¦
2020-10-18 12:41:52,1317808113035005952,@lolakookie17 Alhamdulillah kalau udah membaik Bun.. semoga penyakit nya mama segera di angkat ğŸ™ğŸ»
2020-10-18 12:41:39,1317808056705589248,"RT @cewehijrah: 3. PENYAKIT
Misalnya ada penyakit2 pribadi, maka jangan di umbar2 juga. Kecuali sakit umum seperti pilek, batuk, demam kaloâ€¦"
2020-10-18 12:41:28,1317808011214114816,"RT @asaibrahim: gaes,mngkin seumur hidup kalian ga akan kena sakit jantung, stroke, diabetes, gagal ginjal, usus buntu, bahkan mungkin kaliâ€¦"
2020-10-18 12:41:20,1317807980188815363,"RT @afrina_amira: Hi Guys , minta tolong u all semua untuk tolong adik kawan saya . Ain Natasya , 14 tahun , menghidap penyakit Scoliosis (â€¦"
2020-10-18 12:41:15,1317807958202314753,"RT @_b00mm: [TAEJIN AU]

- -ğ™¿ğšŠğš™ğš’ğšğš›- - 

Seokjin mempunya penyakit bucin akut dengan Selebgram bernama Kim Taehyung, dan ia ingin mencoba haâ€¦"
2020-10-18 12:41:09,1317807932814237696,@adiez85___ Bukan ğŸ¤” hadeh coba cek aja penyakit yg sering berair tangannya ğŸ§
2020-10-18 12:40:59,1317807890451714051,"@heinanad Lekas sembuh, segera pulih Dan diangkat penyakit Mama nya mbak Nanad, Aamiin ğŸ™"
2020-10-18 12:40:58,1317807884936245255,"RT @nyai_kyungsoo: Penyakit exol mulai jam 9 mlm: 
- jantung ke pgn copot 
- tangan tremor 
- deg""an ampe pen berak 
- kringet dingin 
- tbâ€¦"
2020-10-18 12:40:27,1317807756691189762,Overcare penyakit kah ?
2020-10-18 12:40:06,1317807670405996547,"@JalanArsenal Setuju om , nah menjual pemain juga salah satu kesulitan dan penyakit Arsenal jg om ğŸ˜…
Semoga Edu bisa memperbaiki ini ğŸ˜"
2020-10-18 12:39:37,1317807544740376577,"@lionthecub ã…¤

Mungkin saja bisa. Rencana saya mengabdi sebagai dokter umum selama beberapa tahun sebelum ambil spesialis penyakit dalam.

ã…¤"
2020-10-18 12:39:13,1317807444139991042,"@Hasnasalsabilap Minum teh anget, obat sgala penyakit"
2020-10-18 12:39:03,1317807403635666946,RT @BernamaTV: Katanya Akta Pencegahan dan Pengawalan Penyakit Berjangkit 1988 (Akta 342) masih berkuat kuasa selagi PKPP dilaksanakan di sâ€¦
2020-10-18 12:38:53,1317807363374501892,Gila babi lah dpd tahun bila ntah dia dok meminta sedekah pakai alasan cancer stage 4 dia tuh. Skg pun bt lagi....hâ€¦ https://t.co/7CTFNd1XKx
2020-10-18 12:38:51,1317807355740835840,"Kelompok penyakit, nangis :"""
2020-10-18 12:38:47,1317807338879807488,"RT @afrina_amira: Hi Guys , minta tolong u all semua untuk tolong adik kawan saya . Ain Natasya , 14 tahun , menghidap penyakit Scoliosis (â€¦"
2020-10-18 12:38:30,1317807267576623104,"RT @afrina_amira: Hi Guys , minta tolong u all semua untuk tolong adik kawan saya . Ain Natasya , 14 tahun , menghidap penyakit Scoliosis (â€¦"
2020-10-18 12:38:28,1317807258474926080,"@FizzFarah @DGHisham SBB org yg memang dah ada penyakit tersebut mempunyai sistem imun yg lemah , CTH diabetes, merâ€¦ https://t.co/bbg0Vmx8nt"
2020-10-18 12:38:28,1317807256730173441,"RT @afrina_amira: Hi Guys , minta tolong u all semua untuk tolong adik kawan saya . Ain Natasya , 14 tahun , menghidap penyakit Scoliosis (â€¦"
2020-10-18 12:38:04,1317807154980474881,@PL94SEHUN Emangnya aku penyakit nular nular??
2020-10-18 12:37:40,1317807055823011842,"RT @afrina_amira: Hi Guys , minta tolong u all semua untuk tolong adik kawan saya . Ain Natasya , 14 tahun , menghidap penyakit Scoliosis (â€¦"
2020-10-18 12:37:32,1317807022973222912,"RT @afrina_amira: Hi Guys , minta tolong u all semua untuk tolong adik kawan saya . Ain Natasya , 14 tahun , menghidap penyakit Scoliosis (â€¦"
2020-10-18 12:37:13,1317806941960273921,"RT @HausofHilton: Penyakit smallpox merupakan sejenis penyakit berjangkit bawaan virus yang cukup berbahaya .

Ia juga merupakan bukti kejaâ€¦"
2020-10-18 12:36:31,1317806767649140738,@aitykaa @ayidmazlan_ Berat badan naik sekali dgn penyakit dpt....
2020-10-18 12:36:22,1317806727375380481,RT @aleppppppppp: Hari2 cerita pasal sex life. Hari2 beromen. Hidup berpaksikan seks ke? im so done hari2 hadap tweet kau beromen beromen bâ€¦
2020-10-18 12:36:09,1317806674036613123,RT @DGHisham: 3 org Pakar Perubatan Kesihatan Awam dr Semenanjung telah dimobilisasi ke Sabah pd awal pagi tadi. Mereka bertugas di Bahagiaâ€¦
2020-10-18 12:36:08,1317806671578636288,"emg cari penyakit,jam sgni baru makan:))"
2020-10-18 12:36:02,1317806646756732928,"RT @NiniNell: Yang bagi sedekah rakyat, yang bayar gaji dinosaur pun rakyat. Rakyat dapat penyakit, hilang kerja, bisnes gulung tikar"
2020-10-18 12:35:45,1317806573826179073,Penyakit dari dulu kalo laper pasti pusing wkwk
2020-10-18 12:35:19,1317806464262492162,"@yaelahcan Oh jadi elu, yg miskin tp kaga ada duitnya
Penyakit di cari.
Wkwwkksksks"
2020-10-18 12:35:10,1317806425473626112,RT @ivegotyu: @txtdarionlshop Teman teman aku boleh minta waktu dan bantuan nya ke saudara aku ini? dia terkena penyakit leukimia dan dimasâ€¦
2020-10-18 12:35:08,1317806420146835458,RT @SANDAKANtwt: Hampir setiap hari ada kematian dari Sandakan dan Sabah am nya. Semoga team Abam Botak dilindungi dari bahaya penyakit danâ€¦
2020-10-18 12:35:08,1317806417999396864,"RT @afrina_amira: Hi Guys , minta tolong u all semua untuk tolong adik kawan saya . Ain Natasya , 14 tahun , menghidap penyakit Scoliosis (â€¦"
2020-10-18 12:35:01,1317806387951403008,"RT @afrina_amira: Hi Guys , minta tolong u all semua untuk tolong adik kawan saya . Ain Natasya , 14 tahun , menghidap penyakit Scoliosis (â€¦"
2020-10-18 12:34:53,1317806354023632897,"@winterwoodys @bunnysmile_97 @semuagajelas feel you nder mending tugas tulis se abrek daripada vid, tapi rada ngeriâ€¦ https://t.co/wVtco0cY01"
2020-10-18 12:34:41,1317806307361968128,"RT @kevinl_tan: ğŸ”Š Herpes Genital(Herpes Simplex)

Penyakit menular seksual pada pria dan wanita yg menyebabkan luka melepuh diarea kelaminâ€¦"
2020-10-18 12:34:36,1317806284385628160,Yg dpt penyakit kucing aku jugak. Belum aku pecahkan tingkap rumah masingÂ² lagi. Dah kena esok baru tahu
2020-10-18 12:34:18,1317806207453720578,"@BiasaBiasaSaja5 @uttazt_ Wkwk bener sih. Bagi penderita penyakit lambung, kalo stress bisa kumat. Dan itu nyiksa"
2020-10-18 12:33:46,1317806073802235905,"@superbdeee Jgn kata kucing, manusia pon kalau obese tggu masa je utk dpt penyakit. Geram sbb baca this post shareâ€¦ https://t.co/8sRsBR54JK"
2020-10-18 12:33:41,1317806052444786688,RT @HafidzAlattas: Fassobrun Jamil artinya kesabaran yg baik seperti sabarnya Nabi Yaqub kehilangan Yusuf. Kesabaran Nabi Ayyub kena penyakâ€¦
2020-10-18 12:33:21,1317805970500677637,Kayaknya penyakit gue kambhh deh.. dri tadi eneg bgtt tapi gaada yg dikeluarin :')
2020-10-18 12:33:05,1317805902112518144,"RT @Athnara: Bismillah...
TWITTER PLEASE DO YOUR MAGIC

Aku mau open donasi untuk kucing jantanku yang berumur 11 bulan, Olap.
Dia terkenaâ€¦"
2020-10-18 12:32:57,1317805868243578882,RT @dzarzain: Pandemi COVID-19 menjadi momentum untuk refleksi kembali sejauh mana resiliensi peradaban manusia dalam menanggulangi sebuahâ€¦
2020-10-18 12:32:54,1317805855069253632,"RT @ms_morninggstar: @yangkusamyang @3amhappygurl Wkkw mo jawap serius.. ini mud bath bagus bgt buat penyakit kulit, ky eczema, trs ngilangâ€¦"
2020-10-18 12:32:51,1317805842607960065,"RT @al_k4tiri: Belum lama wanita itu sakit dan diapun tidak tahu kejelasannya
pertma kalinya wanita itu datang ke tempat ini. Akan tetapi Dâ€¦"
2020-10-18 12:32:43,1317805812455153664,RT @SANDAKANtwt: Hampir setiap hari ada kematian dari Sandakan dan Sabah am nya. Semoga team Abam Botak dilindungi dari bahaya penyakit danâ€¦
2020-10-18 12:32:09,1317805667705643010,"RT @asaibrahim: gaes,mngkin seumur hidup kalian ga akan kena sakit jantung, stroke, diabetes, gagal ginjal, usus buntu, bahkan mungkin kaliâ€¦"
2020-10-18 12:32:04,1317805646805266434,"Buah Delima Sangat Baik Untuk Kesehatan, Salah Satunya Dapat Mencegah Penyakit Jantung - Mantra Sukabumi - Pikiranâ€¦ https://t.co/B5ZyNKzhRl"
2020-10-18 12:32:03,1317805640627019777,"RT @afrina_amira: Hi Guys , minta tolong u all semua untuk tolong adik kawan saya . Ain Natasya , 14 tahun , menghidap penyakit Scoliosis (â€¦"
2020-10-18 12:31:58,1317805621526233088,@subakdw kek penyakit aja
2020-10-18 12:31:27,1317805490789781504,"Orang2 sering bilang insom, padahal itu penyakit &amp; harus di diagnosa dulu baru bisa klaim diri kita insom atau enggâ€¦ https://t.co/j6I0iNa9hZ"
2020-10-18 12:31:15,1317805442156818433,"RT @69tekashicastle: 'Wahhh gila gila ini gue banget!! Emg dah kerjaan cancer bikin penyakit aja' 'Ah.. maklum sis, dia kan capricorn, sukaâ€¦"
2020-10-18 12:31:06,1317805402025730049,"Ureung Aceh diwarisi tradisi pencegahan dini terhadap wabah penyakit. Sayangnya, ada banyak orang yang sudah tidakâ€¦ https://t.co/P8TUlrs4fK"
2020-10-18 12:30:55,1317805358954377218,"Seronok noh sembang dengan orang tua tua ni,sekali dia sebut,penyakit la ni bahaya laa dik oi â€œkobis dalam tinâ€ (coâ€¦ https://t.co/oty7KCiEBx"
2020-10-18 12:30:46,1317805320198971392,Penyakit yg susah bgt buat gua ilangin = Fastresp :)
2020-10-18 12:30:32,1317805259142524929,"RT @al_k4tiri: Belum lama wanita itu sakit dan diapun tidak tahu kejelasannya
pertma kalinya wanita itu datang ke tempat ini. Akan tetapi Dâ€¦"
2020-10-18 12:30:09,1317805163306872832,Penyakit Hati  - Ustadz Dr Syafiq Riza Basalamah MA https://t.co/DULKVAdiuo via @YouTube
2020-10-18 12:30:00,1317805126996889602,Kemampuan tubuh dalam melawan infeksi penyakit adalah fungsi dari sistem imun atau kekebalan tubuh. Lalu apa yang mâ€¦ https://t.co/hUQbLz5Dyb
2020-10-18 12:29:42,1317805049133756417,"Tapi udh almh
Yg dr ibu udh sering nyakitin. Nyakitin dr perkataan ya. Aku tau setiap org pasti pernah buat org sakâ€¦ https://t.co/2kE38dBXFX"
2020-10-18 12:29:33,1317805013851275266,"Siapa suruh seharian ga makan nasi malah bikin mie rebus, pedes pula. Emg nyari penyakit tp ena gimana dongğŸ™ƒğŸ™ƒğŸ™ƒ"
2020-10-18 12:29:27,1317804989507497985,"RT @NNylekit: Tidaklah Allah menurunkan suatu penyakit, melainkan akan menurunkan pula obat untuk penyakit tersebut"" (HR Bukhari) | RT jikaâ€¦"
2020-10-18 12:28:56,1317804857374371843,"RT @afrina_amira: Hi Guys , minta tolong u all semua untuk tolong adik kawan saya . Ain Natasya , 14 tahun , menghidap penyakit Scoliosis (â€¦"
2020-10-18 12:28:55,1317804853104504835,"Kalo nyampe rumah bawaan nya lemes,pening,meriang. Tapi coba diajak main langsung sehat wal'afiat, ya Allah ini penyakit apayaa :')"
2020-10-18 12:28:48,1317804826281963520,yg legal &amp; mereka menggap baik untuk kesehatan di beberapa penyakit. Saat lu suka ama seseorg mungkin beranggapan kâ€¦ https://t.co/GwyrblVULu
2020-10-18 12:28:45,1317804810251292677,"ASKEP ANJENG, 4 KASUS PENYAKIT ANJENG, INTERVENSI KEP ANJENG, EVIDENCE BASED PRACTICE ANJENG, ANALISA 12 JURNAL ANJENG."
2020-10-18 12:28:43,1317804803141980160,RT @ivegotyu: @txtdarionlshop Teman teman aku boleh minta waktu dan bantuan nya ke saudara aku ini? dia terkena penyakit leukimia dan dimasâ€¦
2020-10-18 12:28:42,1317804801317429250,Bnr2 jahat itu wabah penyakit.
2020-10-18 12:28:24,1317804725849354240,"RT @afrina_amira: Hi Guys , minta tolong u all semua untuk tolong adik kawan saya . Ain Natasya , 14 tahun , menghidap penyakit Scoliosis (â€¦"
2020-10-18 12:28:20,1317804709143482369,"Kangen, 
tapi bukan siapa siapa 
Ada yang tau itu kenapa?  
Apa itu penyakit baru?  Hha"
2020-10-18 12:28:17,1317804696023691264,"RT @kevinl_tan: ğŸ”Š Herpes Genital(Herpes Simplex)

Penyakit menular seksual pada pria dan wanita yg menyebabkan luka melepuh diarea kelaminâ€¦"
2020-10-18 12:27:55,1317804604025831426,"RT @sazhimi_: Berikut bbrp penyakit yg harus dihilangkan atau dihindari :
1. Mengharap balas setelah memberi
2. Merasa ingin terus dihargaiâ€¦"
2020-10-18 12:27:55,1317804601345671170,"RT @AntiBuzzeRp: Al Wahn adlh penyakit jiwa yg ditandai dgn : Cinta Dunia &amp; Takut Mati.

Penyakit ini biasanya mengendap pada jiwa org2 ygâ€¦"
2020-10-18 12:27:39,1317804536698843137,RT @haziqaiman_: Ada cara sebenarnya untuk stopkan penyakit kucing macam ni. Jangan dibiarkan jika nampak https://t.co/wpcPrmSnZw
2020-10-18 12:27:39,1317804535499292672,"RT @WayaeWes: Tidaklah Allah menurunkan suatu penyakit, melainkan akan menurunkan pula obat untuk penyakit tersebut"" (HR Bukhari)  #AllahBeâ€¦"
2020-10-18 12:27:32,1317804505375801344,"RT @afrina_amira: Hi Guys , minta tolong u all semua untuk tolong adik kawan saya . Ain Natasya , 14 tahun , menghidap penyakit Scoliosis (â€¦"
2020-10-18 12:27:11,1317804419216388096,"RT @HausofHilton: Penyakit smallpox merupakan sejenis penyakit berjangkit bawaan virus yang cukup berbahaya .

Ia juga merupakan bukti kejaâ€¦"
2020-10-18 12:25:46,1317804061228367874,"RT @afrina_amira: Hi Guys , minta tolong u all semua untuk tolong adik kawan saya . Ain Natasya , 14 tahun , menghidap penyakit Scoliosis (â€¦"
2020-10-18 12:25:45,1317804055549210624,"RT @Athnara: Bismillah...
TWITTER PLEASE DO YOUR MAGIC

Aku mau open donasi untuk kucing jantanku yang berumur 11 bulan, Olap.
Dia terkenaâ€¦"
2020-10-18 12:25:44,1317804052428673026,"RT @HausofHilton: Penyakit smallpox merupakan sejenis penyakit berjangkit bawaan virus yang cukup berbahaya .

Ia juga merupakan bukti kejaâ€¦"
2020-10-18 12:25:43,1317804048947376130,"@munfess kalo kata mamaku, ""enggak usah nyari nyari penyakit dah"""
2020-10-18 12:25:40,1317804036578451456,RT @IndjayaOfficial: @FiersaBesari Itulah penyakit hari minggu
2020-10-18 12:25:36,1317804020472246272,@FiersaBesari Itulah penyakit hari minggu
2020-10-18 12:25:36,1317804019461468162,"RT @asaibrahim: gaes,mngkin seumur hidup kalian ga akan kena sakit jantung, stroke, diabetes, gagal ginjal, usus buntu, bahkan mungkin kaliâ€¦"
2020-10-18 12:25:25,1317803971881230336,"RT @p2ptmkemenkesRI: Bagaimana cara mencegah Penyakit Tidak Menular (PTM)?
.
#CERDIK #CegahPTM #DukungGERMAS https://t.co/CdVSniz8Mu"
2020-10-18 12:25:13,1317803924540116998,"RT @dickyfadillahh: [TWITTER PLZ DO YOUR MAGIC]

Halo semuanya. Perkenalkan ini Molly yang masih berumur 1 tahun 2 bulan, dia didiagnosa olâ€¦"
2020-10-18 12:24:58,1317803859725570048,"RT @lifewith_sunnah: Karena para akhawat jaman skrg suka keluar rumah tanpa ada kebutuhan, nongkrong dicafe, mall dll.

(Penyakit suka keluâ€¦"
2020-10-18 12:24:46,1317803808571809792,@minkootae itu adala penyakit
2020-10-18 12:24:39,1317803779836633089,RT @PmtgPauhP044: Raikan bulan kesedaran kanser payudara dengan menjalankan pemeriksaan secara berkala kerana rawatan awal akan memungkinkaâ€¦
2020-10-18 12:24:30,1317803741836275712,RT @ivegotyu: @rahasiabulan Teman teman aku boleh minta waktu dan bantuan nya ke saudara aku ini? dia terkena penyakit leukimia dan dimasaâ€¦
2020-10-18 12:24:27,1317803732092907521,"RT @asaibrahim: gaes,mngkin seumur hidup kalian ga akan kena sakit jantung, stroke, diabetes, gagal ginjal, usus buntu, bahkan mungkin kaliâ€¦"
2020-10-18 12:24:18,1317803690426650625,"RT @asaibrahim: gaes,mngkin seumur hidup kalian ga akan kena sakit jantung, stroke, diabetes, gagal ginjal, usus buntu, bahkan mungkin kaliâ€¦"
2020-10-18 12:23:38,1317803525406035968,"RT @nakhoda_ragam19: @501Awani Pastikan yg terlibat hanya org Sarawak ye....

Pemimpin2 dr Sabah dan Semenanjung jgn gatal2 nk terlibat....â€¦"
2020-10-18 12:23:00,1317803364399206400,"RT @HausofHilton: Penyakit smallpox merupakan sejenis penyakit berjangkit bawaan virus yang cukup berbahaya .

Ia juga merupakan bukti kejaâ€¦"
2020-10-18 12:22:43,1317803294975094784,"RT @afrina_amira: Hi Guys , minta tolong u all semua untuk tolong adik kawan saya . Ain Natasya , 14 tahun , menghidap penyakit Scoliosis (â€¦"
2020-10-18 12:22:12,1317803163500474368,"Sumpah yah aku pnya penyakit,, yang kalo hbis makan ,jadi kenyang.."
2020-10-18 12:21:57,1317803102456537088,"RT @afrina_amira: Hi Guys , minta tolong u all semua untuk tolong adik kawan saya . Ain Natasya , 14 tahun , menghidap penyakit Scoliosis (â€¦"
2020-10-18 12:21:32,1317802994461675521,"RT @afrina_amira: Hi Guys , minta tolong u all semua untuk tolong adik kawan saya . Ain Natasya , 14 tahun , menghidap penyakit Scoliosis (â€¦"
2020-10-18 12:21:25,1317802967299358722,"RT @HausofHilton: Penyakit smallpox merupakan sejenis penyakit berjangkit bawaan virus yang cukup berbahaya .

Ia juga merupakan bukti kejaâ€¦"
2020-10-18 12:20:55,1317802839150710786,"@nagotejena Playing victim, merasa dirinya paling menderita, lalu merasa berhak berbuat buruk dan menyakiti orang.â€¦ https://t.co/mxH0kVLJ4N"
2020-10-18 12:20:55,1317802839029080066,"RT @HausofHilton: Penyakit smallpox merupakan sejenis penyakit berjangkit bawaan virus yang cukup berbahaya .

Ia juga merupakan bukti kejaâ€¦"
2020-10-18 12:20:42,1317802787388887041,"RT @husninidhom: Ya Allah..
Perbaikilah keadaan kami, Mudahkanlah urusan kami, Sembuhkanlah penyakit kami, Lunaskanlah hutang-hutang kami,â€¦"
2020-10-18 12:20:34,1317802754161528832,Aku suka banget nyari penyakit hati
2020-10-18 12:20:19,1317802689850298369,"RT @aliffshanusi: ğ—¦ğ—²ğ—»ğ—®ğ—¿ğ—®ğ—¶ ğŸ±ğŸ± ğ—£ğ—²ğ—»ğ˜†ğ—®ğ—¸ğ—¶ğ˜ ğ—ğ—¿ğ—¶ğ˜ğ—¶ğ—¸ğ—®ğ—¹ ğ—¬ğ—®ğ—»ğ—´ ğ——ğ—¶ğ—¯ğ—²ğ—»ğ—®ğ—¿ğ—¸ğ—®ğ—» ğ—£ğ—²ğ—»ğ—´ğ—²ğ—¹ğ˜‚ğ—®ğ—¿ğ—®ğ—» #ğ—ğ—ªğ—¦ğ—£.

BERIKUT ialah senarai 55 jenis penyakit kritikal yang diâ€¦"
2020-10-18 12:20:15,1317802672636928001,"RT @afrina_amira: Hi Guys , minta tolong u all semua untuk tolong adik kawan saya . Ain Natasya , 14 tahun , menghidap penyakit Scoliosis (â€¦"
2020-10-18 12:19:45,1317802548263231488,"Nahkan rasa itu balik lagi..
Nanaaaa, gimana ini gue liat lu lebih dari itu?
Penyakit gue kambuh ini tolong naa, jangan gini.."
2020-10-18 12:19:40,1317802527174262785,"RT @kevinl_tan: ğŸ”Š Herpes Genital(Herpes Simplex)

Penyakit menular seksual pada pria dan wanita yg menyebabkan luka melepuh diarea kelaminâ€¦"
2020-10-18 12:19:36,1317802508530561025,"RT @asaibrahim: gaes,mngkin seumur hidup kalian ga akan kena sakit jantung, stroke, diabetes, gagal ginjal, usus buntu, bahkan mungkin kaliâ€¦"
2020-10-18 12:18:29,1317802229223419905,"RT @HausofHilton: Penyakit smallpox merupakan sejenis penyakit berjangkit bawaan virus yang cukup berbahaya .

Ia juga merupakan bukti kejaâ€¦"
2020-10-18 12:17:57,1317802095672582144,"RT @Athnara: Bismillah...
TWITTER PLEASE DO YOUR MAGIC

Aku mau open donasi untuk kucing jantanku yang berumur 11 bulan, Olap.
Dia terkenaâ€¦"
2020-10-18 12:17:41,1317802028668575747,"RT @Just_Bella22: Imam Al Ghazali menyebut: 

ÙŠÙØ§Ø­ÙÙŠÙÙ‘ ÙŠÙØ§Ù‚ÙÙŠÙÙ‘ÙˆÙ…Ù

Zikirlah : Ya Hayyu Ya Qayyum
(Wahai Tuhan Yang Maha Hidup dgn sendiriNâ€¦"
2020-10-18 12:17:23,1317801952093241344,"[TWITTER PLZ DO YOUR MAGIC]

Halo semuanya. Perkenalkan ini Molly yang masih berumur 1 tahun 2 bulan, dia didiagnosâ€¦ https://t.co/EzXXuG2Iiy"
2020-10-18 12:16:33,1317801741153308672,"RT @eddiehasbullah: Jika ujian seperti wabak, penyakit atau pun juga kematian orang lain tidak mampu menginsafkan kita dan masih bersikap yâ€¦"
2020-10-18 12:16:16,1317801671469117440,Diabetes merupakan penyakit kronis yang menyerang berbagai fungsi organ. Kenali gejalanya agar tidak terlambat untuâ€¦ https://t.co/hDKEisc8WW
2020-10-18 12:15:56,1317801585670377472,@xoxoag @parijace Jaman gw bocah jadi obat segala penyakit di rumah ğŸ˜‚ https://t.co/mqSENzPj1d
2020-10-18 12:15:45,1317801540501921792,"@detikcom Terbalaskan.... sayang nya kenapa alasannya karena sesak sih? yg lain kek yg agak kerenan dikit, kayak penyakit jantung gitu"
2020-10-18 12:15:38,1317801511963914241,"RT @afrina_amira: Hi Guys , minta tolong u all semua untuk tolong adik kawan saya . Ain Natasya , 14 tahun , menghidap penyakit Scoliosis (â€¦"
2020-10-18 12:15:33,1317801489448890369,"RT @HausofHilton: Sejak vaksin dijumpai pada tahun 1796, ia telah dipraktikkan di seluruh dunia sehinggalah pada tahun 1979, Pertubuhan Kesâ€¦"
2020-10-18 12:15:22,1317801442728529922,Menikmati roti vintage dengan musik vintage agar penyakit vintage (asam urat) tidak kambuh. https://t.co/xRKIepYukU
2020-10-18 12:15:14,1317801410285563904,Ini menjadikan semua petugas barisan hadapan terpaksa bertugas lebih masa mengurus dan merawat mereka yang menghidaâ€¦ https://t.co/lKe4GgSazH
2020-10-18 12:15:10,1317801391881031680,@ibaaaa__ Aaminn ya Allah . Semoga puan sekeluarga juga Allah lindungi dari penyakit covid19 !!! ğŸ¤ğŸ½ğŸ¤ğŸ½ğŸ¤£ğŸ¤£
2020-10-18 12:15:00,1317801352051912706,"Normalnya, sperma memiliki bau mirip klorin. Namun ada banyak faktor yang mempengaruhi variasi baunya, termasuk konâ€¦ https://t.co/dC91JlQsax"
2020-10-18 12:14:57,1317801338894307328,"RT @husninidhom: Buat yang pernah patah hati:
Tidak ada satupun obat yang bisa menyembuhkan penyakit hati, kecuali keikhlasan. https://t.coâ€¦"
2020-10-18 12:14:47,1317801296749998080,"RT @afrina_amira: Hi Guys , minta tolong u all semua untuk tolong adik kawan saya . Ain Natasya , 14 tahun , menghidap penyakit Scoliosis (â€¦"
2020-10-18 12:14:26,1317801209349214209,@UNSfess_ Semoga penyakit yg ada di orang tua m segera diangkat Allah swt. Aamiin. Semangaattt yaaa ndeerr ğŸŒ»
2020-10-18 12:13:58,1317801091963133953,Kesian plak tgk kwn yg pegnen kena cntrl mkn die sbb takut gula naik..if naik bahaya utk baby...pastu teringat katâ€¦ https://t.co/0VvEZcph2m
2020-10-18 12:13:52,1317801066537181185,"RT @Athnara: Bismillah...
TWITTER PLEASE DO YOUR MAGIC

Aku mau open donasi untuk kucing jantanku yang berumur 11 bulan, Olap.
Dia terkenaâ€¦"
2020-10-18 12:13:30,1317800976380645376,"RT @kevinl_tan: ğŸ”Š Herpes Genital(Herpes Simplex)

Penyakit menular seksual pada pria dan wanita yg menyebabkan luka melepuh diarea kelaminâ€¦"
2020-10-18 12:13:23,1317800945619668992,RT @NGIndonesia: Peneliti menemukan fakta bahwa tanda awal penyakit Alzheimer berkaitan dengan pikiran negatif yang berulang. Mengapa hal iâ€¦
2020-10-18 12:13:17,1317800921682702336,"Sakit penyakit mybe kau boleh uruskan selagi tk tua

Tp kemalangan ni tkde siapa boleh jangka

Tips nk beli insuranâ€¦ https://t.co/WYQ6WfY3FT"
2020-10-18 12:13:05,1317800867798556672,"RT @afrina_amira: Hi Guys , minta tolong u all semua untuk tolong adik kawan saya . Ain Natasya , 14 tahun , menghidap penyakit Scoliosis (â€¦"
2020-10-18 12:13:03,1317800862870171650,"@lilnabbx Penyakit iri buang dmn,ditong sampahğŸ˜”"
2020-10-18 12:13:01,1317800852724146177,"RT @afrina_amira: Hi Guys , minta tolong u all semua untuk tolong adik kawan saya . Ain Natasya , 14 tahun , menghidap penyakit Scoliosis (â€¦"
2020-10-18 12:13:00,1317800848861270020,RT @ivegotyu: @txtdarionlshop Teman teman aku boleh minta waktu dan bantuan nya ke saudara aku ini? dia terkena penyakit leukimia dan dimasâ€¦
2020-10-18 12:12:57,1317800837079429121,@maiilopp penyakit opo kui
2020-10-18 12:12:54,1317800824253280257,"@altairjace virus mematikan penyakit begitu tu,tolol bgt najiss najiss"
2020-10-18 12:12:52,1317800816665751552,"RT @Athnara: Bismillah...
TWITTER PLEASE DO YOUR MAGIC

Aku mau open donasi untuk kucing jantanku yang berumur 11 bulan, Olap.
Dia terkenaâ€¦"
2020-10-18 12:12:52,1317800816288309248,"RT @HausofHilton: Penyakit smallpox merupakan sejenis penyakit berjangkit bawaan virus yang cukup berbahaya .

Ia juga merupakan bukti kejaâ€¦"
2020-10-18 12:12:50,1317800805425061892,Kesel bangett sampe jadi penyakit hati
2020-10-18 12:12:40,1317800765428101124,"Tahukah kamu Tidur larut malam dapat mengakibatkan penyakit berbahaya, yaitu kesiangan."
2020-10-18 12:12:37,1317800750358040577,@kijanghijiganti daripada nambahin penyakit hati doang om
2020-10-18 12:12:33,1317800735568883713,RT @SANDAKANtwt: Hampir setiap hari ada kematian dari Sandakan dan Sabah am nya. Semoga team Abam Botak dilindungi dari bahaya penyakit danâ€¦
2020-10-18 12:12:09,1317800633970216960,"RT @HausofHilton: Penyakit smallpox merupakan sejenis penyakit berjangkit bawaan virus yang cukup berbahaya .

Ia juga merupakan bukti kejaâ€¦"
2020-10-18 12:11:45,1317800533361455106,RT @PmtgPauhP044: Raikan bulan kesedaran kanser payudara dengan menjalankan pemeriksaan secara berkala kerana rawatan awal akan memungkinkaâ€¦
2020-10-18 12:11:22,1317800435931959297,"RT @kevinl_tan: ğŸ”Š Herpes Genital(Herpes Simplex)

Penyakit menular seksual pada pria dan wanita yg menyebabkan luka melepuh diarea kelaminâ€¦"
2020-10-18 12:11:08,1317800377467613185,RT @annakelanaa: Tolong doakan ibu dan ayh saya cpt sembuh drp penyakit covid 19. harini dh keluar swab test result ibu je kene positive. Aâ€¦
2020-10-18 12:11:04,1317800361088880640,"RT @afrina_amira: Hi Guys , minta tolong u all semua untuk tolong adik kawan saya . Ain Natasya , 14 tahun , menghidap penyakit Scoliosis (â€¦"
2020-10-18 12:10:55,1317800324141256704,Ikhlas berserah kepada kehendak Tuhan adalah obat terbaik bagi semua penyakit hati.
2020-10-18 12:10:47,1317800289085239296,"RT @kevinl_tan: ğŸ”Š Herpes Genital(Herpes Simplex)

Penyakit menular seksual pada pria dan wanita yg menyebabkan luka melepuh diarea kelaminâ€¦"
2020-10-18 12:10:33,1317800231547760642,"RT @ustazahasma: Doa untuk kikis sifat lemah semangat, mudah sentap, malas, penyedih, penakut, bakhil kedekut, bebanan hutang dan kezalimanâ€¦"
2020-10-18 12:10:26,1317800200803545088,"RT @HausofHilton: Sekali Biasanya.

Tetapi virus varicella zoster Ini boleh berhibernasi di pusat saraf tunjang kita.

Untuk sesetengah oraâ€¦"
2020-10-18 12:10:11,1317800140535717894,"RT @afrina_amira: Hi Guys , minta tolong u all semua untuk tolong adik kawan saya . Ain Natasya , 14 tahun , menghidap penyakit Scoliosis (â€¦"
2020-10-18 12:10:10,1317800136093831168,RT @detikHealth: Diabetes merupakan penyakit kronis yang menyerang berbagai fungsi organ. Kenali gejalanya agar tidak terlambat untuk berobâ€¦
2020-10-18 12:10:03,1317800107106988032,"RT @HausofHilton: Sejak vaksin dijumpai pada tahun 1796, ia telah dipraktikkan di seluruh dunia sehinggalah pada tahun 1979, Pertubuhan Kesâ€¦"
2020-10-18 12:09:51,1317800055496007680,"RT @NiniNell: Yang bagi sedekah rakyat, yang bayar gaji dinosaur pun rakyat. Rakyat dapat penyakit, hilang kerja, bisnes gulung tikar"
2020-10-18 12:09:42,1317800016623276032,nginget dn ngarep lbih ke manusia emg bkin penyakit :' ayo suwan bngkitğŸ¥º
2020-10-18 12:09:00,1317799839996944385,"RT @afrina_amira: Hi Guys , minta tolong u all semua untuk tolong adik kawan saya . Ain Natasya , 14 tahun , menghidap penyakit Scoliosis (â€¦"
2020-10-18 12:08:56,1317799827057463297,"Jadi ingat sesuatu

""teh. Kamu kaya punya penyakit kuning""
Ujar ayahku ketika aku keluar dari toilet sehabis mandi.â€¦ https://t.co/SS70C1XU35"
2020-10-18 12:08:40,1317799756270194690,Cari penyakit sendiri susah sendiri mamam po ğŸ˜©ğŸ¤’
2020-10-18 12:08:30,1317799715946201088,Antibody nya lagi perang nih sama penyakitğŸ˜
2020-10-18 12:08:23,1317799684799307776,"@mgclthumbelina @yahmhyst @ygprdny selama party jingkrak2 cacingan tereak2 macem kesurupan gaberasa, begitu kelar gâ€¦ https://t.co/y04jDEavJ7"
2020-10-18 12:08:06,1317799614578257920,RT @ivegotyu: @poirotto Teman teman aku boleh minta waktu dan bantuan nya ke saudara aku ini? dia terkena penyakit leukimia dan dimasa pandâ€¦
2020-10-18 12:08:05,1317799611541512192,"RT @afrina_amira: Hi Guys , minta tolong u all semua untuk tolong adik kawan saya . Ain Natasya , 14 tahun , menghidap penyakit Scoliosis (â€¦"
2020-10-18 12:07:55,1317799570567393282,RT @ivegotyu: @txtdarionlshop Teman teman aku boleh minta waktu dan bantuan nya ke saudara aku ini? dia terkena penyakit leukimia dan dimasâ€¦
2020-10-18 12:07:50,1317799547393896449,"RT @husninidhom: Ya Allah..
Perbaikilah keadaan kami, Mudahkanlah urusan kami, Sembuhkanlah penyakit kami, Lunaskanlah hutang-hutang kami,â€¦"
2020-10-18 12:07:42,1317799515814965250,"RT @afrina_amira: Hi Guys , minta tolong u all semua untuk tolong adik kawan saya . Ain Natasya , 14 tahun , menghidap penyakit Scoliosis (â€¦"
2020-10-18 12:07:26,1317799448764772352,@sendysekar @AdeliaFitri17 Penyakit korban perasaan kah
2020-10-18 12:07:26,1317799448269877248,"RT @asaibrahim: gaes,mngkin seumur hidup kalian ga akan kena sakit jantung, stroke, diabetes, gagal ginjal, usus buntu, bahkan mungkin kaliâ€¦"
2020-10-18 12:07:08,1317799373724504066,"@pashakm10 Ya namanya jg penyakit baru. Justru karena ga ada gejala jd bikin bahaya, krn lu ngerasa sehat tp bisa nâ€¦ https://t.co/DssFdFeJNM"
2020-10-18 12:06:46,1317799279952424967,"RT @HausofHilton: Penyakit smallpox merupakan sejenis penyakit berjangkit bawaan virus yang cukup berbahaya .

Ia juga merupakan bukti kejaâ€¦"
2020-10-18 12:06:46,1317799278736146434,Tanda Dan Gejala Hipotensi https://t.co/PRXXPwoFNa #penyakit
2020-10-18 12:06:32,1317799221416710144,"RT @kevinl_tan: ğŸ”Š Herpes Genital(Herpes Simplex)

Penyakit menular seksual pada pria dan wanita yg menyebabkan luka melepuh diarea kelaminâ€¦"
2020-10-18 12:05:55,1317799066646896641,RT @SANDAKANtwt: Hampir setiap hari ada kematian dari Sandakan dan Sabah am nya. Semoga team Abam Botak dilindungi dari bahaya penyakit danâ€¦
2020-10-18 12:05:47,1317799033436479488,Penyakit hari minggu kambuh lagi dah
2020-10-18 12:05:44,1317799020585132041,@amrmkri ... almari wan syaza cannot relate kakakakakkak  pagi2 je terus xde baju nak pakai ğŸ˜†ğŸ˜† penyakit betullÄºl
2020-10-18 12:05:28,1317798950640906242,"RT @afrina_amira: Hi Guys , minta tolong u all semua untuk tolong adik kawan saya . Ain Natasya , 14 tahun , menghidap penyakit Scoliosis (â€¦"
2020-10-18 12:05:25,1317798941321121795,RT @nurhusnasani: Anyone dekat Kuantan/Pekan kalau nampak kuih/keropok dalam botol ni beli la banyak banyak. Ni Adik Haiqal buat dengan makâ€¦
2020-10-18 12:05:21,1317798922601910272,Disebabkan penyakit ini semua orang pun tak percaya sesiapa. ğŸ¤”
2020-10-18 12:05:20,1317798918743224326,Waduh kok kepikiran kalo Covid-19 tuh ceritanya mirip sama penyakit siput gila Gary. Ada apakah gerangan?
2020-10-18 12:05:15,1317798897473892359,"RT @afrina_amira: Hi Guys , minta tolong u all semua untuk tolong adik kawan saya . Ain Natasya , 14 tahun , menghidap penyakit Scoliosis (â€¦"
2020-10-18 12:05:14,1317798894747545600,RT @ivegotyu: @txtdarionlshop Teman teman aku boleh minta waktu dan bantuan nya ke saudara aku ini? dia terkena penyakit leukimia dan dimasâ€¦
2020-10-18 12:05:09,1317798874237448194,"RT @afrina_amira: Hi Guys , minta tolong u all semua untuk tolong adik kawan saya . Ain Natasya , 14 tahun , menghidap penyakit Scoliosis (â€¦"
2020-10-18 12:04:47,1317798782700978177,"RT @afrina_amira: Hi Guys , minta tolong u all semua untuk tolong adik kawan saya . Ain Natasya , 14 tahun , menghidap penyakit Scoliosis (â€¦"
2020-10-18 12:04:47,1317798778879946754,@seterahgualahh emang penyakit apa gan kalo boleh tau?
2020-10-18 12:04:39,1317798745405222914,"RT @afrina_amira: Hi Guys , minta tolong u all semua untuk tolong adik kawan saya . Ain Natasya , 14 tahun , menghidap penyakit Scoliosis (â€¦"
2020-10-18 12:04:39,1317798745329684480,Tak pasal2 pergi marah anak jiran petang tadi. Ada ke patut dia snap gambar aku tak pakai baju masa aku tengah alihâ€¦ https://t.co/GzFcJBjsY3
2020-10-18 12:04:18,1317798659212242945,Penyakit posesif dan overthinkin Mak gw kambuh njir wkwk
2020-10-18 12:04:12,1317798634402926592,"@DGHisham Doktor Hisham , i have a question . Kenapa kematian covid ada kaitan dengan jatung kencing manis dan sebgâ€¦ https://t.co/FB4LA9GNhY"
2020-10-18 12:04:12,1317798632314171392,RT @ivegotyu: @rahasiabulan Teman teman aku boleh minta waktu dan bantuan nya ke saudara aku ini? dia terkena penyakit leukimia dan dimasaâ€¦
2020-10-18 12:03:53,1317798553096368129,@mantan_awkarin utg om bewok ga kena penyakit miskin
2020-10-18 12:03:43,1317798510826119168,"Ya Allah ya tuhanku sembuhkanlah penyakit ayahku , kepada sahabat-2 sekalian doakan kesihatan utk ayah saya , saya rindu ayah :("
2020-10-18 12:03:34,1317798474683875328,RT @UbatOhUbat: Vaksin Human Papilloma Virus (HPV) boleh mencegah kanser serviks dalam kalangan wanita dan mengurangkan insiden penyakit keâ€¦
2020-10-18 12:03:29,1317798453406179329,@longflightonme Suka cari penyakit emang
2020-10-18 12:03:19,1317798411664412674,"@lolakookie17 Alhamdulillah ikut lega bun. Semoga mamanya selalu diberi kesehatan terus, dijauhkan dr penyakit. AamiinğŸ¤—"
2020-10-18 12:02:59,1317798327845412867,Haish datang dah penyakit sikit sikit lapar ni... Susah nye nk control ğŸ˜­ğŸ˜­
2020-10-18 12:02:49,1317798283956285442,"RT @afrina_amira: Hi Guys , minta tolong u all semua untuk tolong adik kawan saya . Ain Natasya , 14 tahun , menghidap penyakit Scoliosis (â€¦"
2020-10-18 12:02:48,1317798283159298048,@semuagajelas jahat bgt padahal itu penyakit
2020-10-18 12:02:48,1317798280382697478,"RT @PetaniRasional: PENCEGAHAN DAN PENGENDALIAN PENYAKIT PATEK (ANTRAKNOSA)

Sampai saat ini patek (antraknosa) masih merupakan penyakit utâ€¦"
2020-10-18 12:02:44,1317798263299297281,RT @ivegotyu: @txtdarionlshop Teman teman aku boleh minta waktu dan bantuan nya ke saudara aku ini? dia terkena penyakit leukimia dan dimasâ€¦
2020-10-18 12:02:43,1317798261109878784,"@bisshoba @sukakucingbgtt @cewehijrah Tapi kak kalo misalkan gitu, penyakit kita bisa menularkan ke orang lain entaâ€¦ https://t.co/LA9izMuVFi"
2020-10-18 12:02:42,1317798257427247110,"@scoupstatus GAGAL GINJAL,DIABETES,JANTUNG, penyakit dalem dahğŸ˜­ğŸ˜­ğŸ˜­ğŸ˜­"
2020-10-18 12:02:39,1317798243611201536,RT @DGHisham: Kenyataan Akhbar KPK 18 Oktober 2020 â€“ Situasi Semasa Jangkitan Penyakit Coronavirus 2019 (COVID-19) diÂ Malaysia https://t.coâ€¦
2020-10-18 12:02:20,1317798164011847680,"Udah ya, udah dimute gausah kepoÂ² lagi sampe scroll ke bawah segala. Gausah cari penyakit sendiri"
2020-10-18 12:02:16,1317798148593442816,"RT @HausofHilton: Sekali Biasanya.

Tetapi virus varicella zoster Ini boleh berhibernasi di pusat saraf tunjang kita.

Untuk sesetengah oraâ€¦"
2020-10-18 12:01:57,1317798066800357377,"RT @NiniNell: Yang bagi sedekah rakyat, yang bayar gaji dinosaur pun rakyat. Rakyat dapat penyakit, hilang kerja, bisnes gulung tikar"
2020-10-18 12:01:39,1317797991894274048,@hobak_alt dokter pun bingung deh kayanya ini penyakit apaan ğŸ˜­
2020-10-18 12:01:25,1317797934616858624,"RT @aliffshanusi: ğ—¦ğ—²ğ—»ğ—®ğ—¿ğ—®ğ—¶ ğŸ±ğŸ± ğ—£ğ—²ğ—»ğ˜†ğ—®ğ—¸ğ—¶ğ˜ ğ—ğ—¿ğ—¶ğ˜ğ—¶ğ—¸ğ—®ğ—¹ ğ—¬ğ—®ğ—»ğ—´ ğ——ğ—¶ğ—¯ğ—²ğ—»ğ—®ğ—¿ğ—¸ğ—®ğ—» ğ—£ğ—²ğ—»ğ—´ğ—²ğ—¹ğ˜‚ğ—®ğ—¿ğ—®ğ—» #ğ—ğ—ªğ—¦ğ—£.

BERIKUT ialah senarai 55 jenis penyakit kritikal yang diâ€¦"
2020-10-18 12:01:24,1317797931173343233,"RT @afrina_amira: Hi Guys , minta tolong u all semua untuk tolong adik kawan saya . Ain Natasya , 14 tahun , menghidap penyakit Scoliosis (â€¦"
